Name,Temperature,dG,dH,dS,TdS
1BRS_A_D__298,298.0,-19.087887010838692,-19.3,-1.01,-0.30098
1BRS_A_D__KA25A__298,298.0,-13.709898470680583,-13.1,1.68,0.50064
1BRS_A_D__RA57A__298,298.0,-13.845401515596588,-11.9,6.37,1.89826
1BRS_A_D__RA85A__298,298.0,-13.526247673603747,-17.3,-12.7,-3.7845999999999997
1BRS_A_D__HA100A__298,298.0,-12.945473171334923,-10.9,6.71,1.99958
1BRS_A_D__YD29F__298,298.0,-19.22001610930417,-18.8,1.01,0.30098
1BRS_A_D__YD29A__298,298.0,-15.619252483807019,-14.2,4.7,1.4006
1BRS_A_D__DD35A__298,298.0,-14.587195041079877,-14.4,0.34,0.10132000000000001
1BRS_A_D__DD39A__298,298.0,-11.44110763753378,-7.4,13.1,3.9038
1BRS_A_D__ED74A__298,298.0,-17.7244665100645,-17.8,-0.34,-0.10132000000000001
1BRS_A_D__KA25A_DD39A__298,298.0,-10.814398004425867,-10.6,0.67,0.19966000000000003
1BRS_A_D__RA85A_DD39A__298,298.0,-11.906517095235788,-13.4,-5.03,-1.4989400000000002
1BRS_A_D__HA100A_YD29A__298,298.0,-12.784454148120458,-13.3,-2.01,-0.59898
1BRS_A_D__HA100A_YD29F__298,298.0,-13.541239005974251,-12.0,5.03,1.4989400000000002
1BRS_A_D__HA100A_DD39A__298,298.0,-10.101494403691566,-2.4,25.8,7.688400000000001
1BRS_A_D__RA57A_DD39A__298,298.0,-7.732803521280679,-1.7,20.1,5.9898
1BRS_A_D__EA71Q__298,298.0,-17.636583166113837,-10.0,25.5,7.599
1BRS_A_D__EA71Q_DD39A__298,298.0,-11.884525803858793,-6.3,18.4,5.4832
1BRS_A_D__EA71Q_ED74A__298,298.0,-15.562816848280205,-8.1,24.8,7.3904000000000005
1BRS_A_D__EA71W__298,298.0,-17.43154400317105,-8.5,29.9,8.9102
1BRS_A_D__EA71W_DD39A__298,298.0,-12.42631487388081,-7.9,15.1,4.4998000000000005
1BRS_A_D__EA71W_DD35A__298,298.0,-13.378535412633536,-4.7,28.8,8.5824
1BRS_A_D__EA71W_ED74A__298,298.0,-15.54018507441783,-6.5,30.2,8.999600000000001
1BRS_A_D__EA71Y__298,298.0,-16.675481690861464,-10.7,19.8,5.9004
1BRS_A_D__EA71F__298,298.0,-16.853937167608468,-9.0,26.2,7.8076
1BRS_A_D__EA71F_DD39A__298,298.0,-11.620267606927838,-9.0,8.72,2.5985600000000004
1BRS_A_D__EA71F_DD35A__298,298.0,-12.68121497440397,-3.7,29.9,8.9102
1BRS_A_D__EA71C__298,298.0,-16.5605168666546,-8.9,25.5,7.599
1BRS_A_D__EA71S__298,298.0,-16.0790553698179,-7.7,27.8,8.2844
1BRS_A_D__EA71A__298,298.0,-16.741459765719355,-7.3,31.5,9.387
1BRS_A_D__EA71A_DD39A__298,298.0,-11.906517095235788,-11.9,0.0,0.0
1BRS_A_D__EA71A_DD35A__298,298.0,-12.651198263396779,-3.0,32.2,9.595600000000001
2HLE_A_B__298,298.0,-10.086503071321061,3.3,44.9,13.380199999999999
2HLE_A_B__KA141Q__298,298.0,-10.496933538757299,3.7,48.3,14.3934
2HLE_A_B__LA87R__298,298.0,-7.8004646304414385,5.2,43.6,12.9928
2GOX_A_B__298,298.0,-11.860354039531492,-8.5,11.4,3.3972
2GOX_A_B__RB31A__298,298.0,-10.341580836295224,-3.9,21.5,6.407
2GOX_A_B__NB38A__298,298.0,-10.527305631989822,-5.5,16.8,5.0064
3D5S_A_C__298,298.0,-10.341580836295224,-3.9,21.5,6.407
3D5S_A_C__AC31R__298,298.0,-11.860354039531492,-8.5,11.4,3.3972
3D5R_A_C__298,298.0,-10.527305631989822,-5.5,16.8,5.0064
3D5R_A_C__AC38N__298,298.0,-11.860354039531492,-8.5,11.4,3.3972
2NOJ_A_B__298,298.0,-10.75201130373146,-9.46,4.3,1.2813999999999999
2NOJ_A_B__RB24A_NB31A__298,298.0,-10.00374639143023,-2.14,26.4,7.8671999999999995
1KIQ_AB_C__298,298.0,-9.001383939517629,-14.0,-17.3,-5.1554
1KIQ_AB_C__FB101Y__298,298.0,-11.496086627799547,-21.5,-33.7,-10.0426
1KIP_AB_C__298,298.0,-10.695575668204645,-17.2,-22.2,-6.6156
1KIP_AB_C__AB32Y__298,298.0,-11.496086627799547,-21.5,-33.7,-10.0426
1KIR_AB_C__298,298.0,-10.109134845183435,-19.4,-31.5,-9.387
1KIR_AB_C__SA50Y__298,298.0,-11.496086627799547,-21.5,-33.7,-10.0426
2PCC_A_B__298,298.0,-8.097766324754321,-2.6,18.4,5.4832
2PCC_A_B__DA34A__298,298.0,-8.994320722565458,-0.9,27.2,8.105599999999999
2PCC_A_B__VA197A__298,298.0,-5.996241568998484,-2.3,12.4,3.6952000000000003
2PCC_A_B__EA290A__298,298.0,-1.8986243695992426,-5.8,-13.1,-3.9038
2PCC_A_B__KB92A__298,298.0,-7.196391614187935,-0.8,21.5,6.407
2PCC_A_B__KB92A_DA34A__298,298.0,-7.894865938597728,-0.7,24.1,7.1818
2PCC_A_B__KB92A_VA197A__298,298.0,-6.5970900614548205,-0.9,19.1,5.6918
2PCC_A_B__KB77A__298,298.0,-7.794264301536216,-1.1,22.5,6.705
2PCC_A_B__KB77A_VA197A__298,298.0,-5.298329300634692,-0.5,16.1,4.7978000000000005
2PCC_A_B__KB77A_EA290A__298,298.0,-6.996195369454163,-1.2,19.5,5.811
2PCC_A_B__AB86G__298,298.0,-6.196957697063591,-2.4,12.7,3.7845999999999997
2PCC_A_B__AB86G_DA34A__298,298.0,-8.19551433701566,-0.8,24.8,7.3904000000000005
2PCC_A_B__AB86G_VA197A__298,298.0,-5.996241568998484,-2.2,12.7,3.7845999999999997
2PCB_A_B__298,298.0,-6.817102503870961,2.25,30.8,9.1784
2PCB_A_B__EA291Q__298,298.0,-6.873597354958604,2.13,30.1,8.969800000000001
2PCB_A_B__EA35Q__298,298.0,-6.141467195017567,1.05,24.4,7.271199999999999
2PCB_A_B__AA193F__298,298.0,-6.083828923940235,1.91,26.8,7.986400000000001
2PCB_A_B__DA34N__298,298.0,-5.996241568998484,2.51,28.4,8.463199999999999
2PCB_A_B__EA290N__298,298.0,-5.9465731614149275,2.06,27.0,8.046
2C0L_A_B__305,305.0,-9.715903397687082,-10.1,-0.96,-0.2928
2C0L_A_B__NA48A__305,305.0,-9.012384881663696,-6.52,8.38,2.5559000000000003
2C0L_A_B__QA239R__305,305.0,-8.195314911497922,-4.16,13.4,4.087
2C0L_A_B__SA242Y__305,305.0,-9.435949340022358,-9.25,0.93,0.28365
2A9K_A_B__310,310.0,-10.242916637591934,-20.0,-31.4,-9.734
2A9K_A_B__GB55D__310,310.0,-7.833227826938359,-25.0,-55.3,-17.143
1CBW_FGH_I__295,295.0,-10.592015543129707,2.5,44.7,13.1865
1CBW_FGH_I__TI11A__295,295.0,-10.394197887763916,2.8,45.1,13.3045
1CBW_FGH_I__GI12A__295,295.0,-9.996803214027773,-0.6,32.2,9.499
1CBW_FGH_I__PI13A__295,295.0,-10.690687812940713,2.6,45.4,13.393
1CBW_FGH_I__KI15A__295,295.0,-8.610869134112999,3.4,41.0,12.095
1CBW_FGH_I__II19A__295,295.0,-10.493459564361638,2.5,44.4,13.098
1CBW_FGH_I__RI20A__295,295.0,-10.294240940355712,2.5,43.7,12.8915
1CBW_FGH_I__VI34A__295,295.0,-10.592015543129707,-2.7,27.1,7.9945
1CBW_FGH_I__YI35A__295,295.0,-9.799361387381113,1.8,39.6,11.682
1CBW_FGH_I__GI36A__295,295.0,-9.70037340525532,3.0,43.4,12.803
1CBW_FGH_I__GI37A__295,295.0,-9.799361387381113,3.6,45.7,13.4815
1CBW_FGH_I__RI39A__295,295.0,-10.394197887763916,3.1,46.1,13.5995
1CBW_FGH_I__KI46A__295,295.0,-10.493459564361638,2.3,43.7,12.8915
3HFM_HL_Y__303,303.0,-11.954622766342647,-21.9,-32.6,-9.8778
3HFM_HL_Y__YH53W__303,303.0,-11.248513406212432,-23.6,-40.8,-12.3624
3HFM_HL_Y__YH53F__303,303.0,-11.334187242569964,-20.2,-29.3,-8.8779
3HFM_HL_Y__YH53L__303,303.0,-11.147816220658385,-19.6,-27.9,-8.4537
3HFM_HL_Y__YH53A__303,303.0,-8.704576639615716,-14.4,-18.8,-5.696400000000001
3HFM_HL_Y__YH33W__303,303.0,-10.205237929907597,-15.7,-18.1,-5.4843
3HFM_HL_Y__YH33F__303,303.0,-10.883511508369912,-17.5,-21.8,-6.6054
3HFM_HL_Y__YH33L__303,303.0,-9.947890558896875,-16.1,-20.4,-6.1812
3HFM_HL_Y__YH50F__303,303.0,-10.344796641468566,-14.3,-13.2,-3.9996
3HFM_HL_Y__YH50L__303,303.0,-9.106078630001273,-12.9,-12.5,-3.7875
3HFM_HL_Y__YH58F__303,303.0,-11.591534613580686,-20.4,-29.0,-8.787
3HFM_HL_Y__YH58L__303,303.0,-10.441105118427188,-14.9,-14.8,-4.484400000000001
3HFM_HL_Y__YH58A__303,303.0,-10.278751201646244,-17.3,-23.0,-6.969
1OGA_ABC_DE__IE49V__298,298.0,-6.999409086976637,-22.0,-50.3,-14.9894
1OGA_ABC_DE__NE51A__298,298.0,-6.099480742714974,-18.0,-40.2,-11.9796
1OGA_ABC_DE__DE52A__298,298.0,-7.099205657972595,-24.0,-57.0,-16.986
1OGA_ABC_DE__QE54E__298,298.0,-7.199771981123257,-20.0,-43.6,-12.9928
1OGA_ABC_DE__YE97A__298,298.0,-6.999409086976637,-29.0,-73.8,-21.992399999999996
1OGA_ABC_DE__SD30A__298,298.0,-6.199038985673903,-24.0,-60.4,-17.999200000000002
1OGA_ABC_DE__QD32A__298,298.0,-6.199038985673903,-23.0,-57.0,-16.986
1AO7_ABC_DE__277,277.0,-7.662033518050531,4.4,44.0,12.188
1AO7_ABC_DE__YC5F__277,277.0,-7.503693593055143,5.9,48.0,13.296
3QFJ_ABC_DE__277,277.0,-7.503693593055143,5.9,48.0,13.296
3QFJ_ABC_DE__FC5Y__277,277.0,-7.662033518050531,4.4,44.0,12.188
1LP9_ABC_EF__298,298.0,-8.180523004645153,-3.9,14.8,4.410400000000001
1LP9_ABC_EF__KA66A__298,298.0,-7.028299011725627,-0.6,21.1,6.2878
2J8U_ABC_EF__298,298.0,-7.028299011725627,-0.6,21.1,6.2878
2J8U_ABC_EF__AA66K__298,298.0,-8.180523004645153,-3.9,14.8,4.410400000000001
3R9A_AC_B__298,298.0,-7.438729479161865,3.8,37.7,11.2346
3R9A_AC_B__AA323W__298,298.0,-7.100159930540136,6.31,45.0,13.41
3R9A_AC_B__YA325A__298,298.0,-6.424707725125814,3.97,35.0,10.43
3R9A_AC_B__YA325W__298,298.0,-6.956679826329458,5.59,42.2,12.5756
3R9A_AC_B__VA331D__298,298.0,-7.438729479161865,4.11,38.8,11.5624
3R9A_AC_B__GA165R__298,298.0,-7.3900341630052,4.52,39.9,11.890199999999998
1XGU_AB_C__298,298.0,-11.287777762622586,-20.9,-32.2,-9.595600000000001
1XGU_AB_C__FB33L__298,298.0,-9.426198741834007,-12.6,-10.7,-3.1886
1XGU_AB_C__FB33I__298,298.0,-9.48750786989253,-14.0,-15.1,-4.4998000000000005
1XGU_AB_C__FB33V__298,298.0,-8.379993862009442,-12.2,-12.7,-3.7845999999999997
1XGU_AB_C__FB33A__298,298.0,-7.2275329713072,-9.0,-6.04,-1.79992
1XGP_AB_C__298,298.0,-7.2275329713072,-9.0,-6.04,-1.79992
1XGP_AB_C__AB33F__298,298.0,-11.287777762622586,-20.9,-32.2,-9.595600000000001
1XGP_AB_C__AB33L__298,298.0,-9.426198741834007,-12.6,-10.7,-3.1886
1XGP_AB_C__AB33I__298,298.0,-9.48750786989253,-14.0,-15.1,-4.4998000000000005
1XGP_AB_C__AB33V__298,298.0,-8.379993862009442,-12.2,-12.7,-3.7845999999999997
1XGQ_AB_C__298,298.0,-8.379993862009442,-12.2,-12.7,-3.7845999999999997
1XGQ_AB_C__VB33F__298,298.0,-11.287777762622586,-20.9,-32.2,-9.595600000000001
1XGQ_AB_C__VB33L__298,298.0,-9.426198741834007,-12.6,-10.7,-3.1886
1XGQ_AB_C__VB33I__298,298.0,-9.48750786989253,-14.0,-15.1,-4.4998000000000005
1XGQ_AB_C__VB33A__298,298.0,-7.2275329713072,-9.0,-6.04,-1.79992
1XGR_AB_C__298,298.0,-9.48750786989253,-14.0,-15.1,-4.4998000000000005
1XGR_AB_C__IB33F__298,298.0,-11.287777762622586,-20.9,-32.2,-9.595600000000001
1XGR_AB_C__IB33L__298,298.0,-9.426198741834007,-12.6,-10.7,-3.1886
1XGR_AB_C__IB33V__298,298.0,-8.379993862009442,-12.2,-12.7,-3.7845999999999997
1XGR_AB_C__IB33A__298,298.0,-7.2275329713072,-9.0,-6.04,-1.79992
1XGT_AB_C__298,298.0,-9.426198741834007,-12.6,-10.7,-3.1886
1XGT_AB_C__LB33F__298,298.0,-11.287777762622586,-20.9,-32.2,-9.595600000000001
1XGT_AB_C__LB33I__298,298.0,-9.48750786989253,-14.0,-15.1,-4.4998000000000005
1XGT_AB_C__LB33V__298,298.0,-8.379993862009442,-12.2,-12.7,-3.7845999999999997
1XGT_AB_C__LB33A__298,298.0,-7.2275329713072,-9.0,-6.04,-1.79992
3UIG_A_P__298,298.0,-7.2517047356345,-6.13,3.74,1.11452
3UIG_A_P__EA47A__298,298.0,-6.605314165882068,-6.26,1.18,0.35164
3UIG_A_P__KA58A__298,298.0,-6.805376853380583,-5.16,5.52,1.6449599999999998
3UIG_A_P__EA61A__298,298.0,-5.494111679956655,-4.89,2.03,0.6049399999999999
3UIG_A_P__DA67A__298,298.0,-5.213595570493114,-6.21,-3.33,-0.99234
3UIG_A_P__EA72A__298,298.0,-5.45963306826436,-6.4,-3.13,-0.93274
3UII_A_P__298,298.0,-6.817102503870961,-5.51,4.38,1.30524
3UII_A_P__KA58A__298,298.0,-6.77153187042719,-7.71,-3.11,-0.9267799999999999
3UII_A_P__KA58Y_HA76W__298,298.0,-6.782599968379144,-3.52,10.9,3.2482
3UIH_A_P__298,298.0,-5.3408107320431375,-3.48,6.24,1.85952
3UIH_A_P__KA58Y_HA76W__298,298.0,-6.412623101602313,-4.44,6.64,1.9787199999999998
3M62_A_B__298,298.0,-9.75514001327401,-17.3,-24.8,-7.3904000000000005
3M62_A_B__EA32A__298,298.0,-8.925879987222288,-8.1,3.02,0.89996
3M62_A_B__DA46A__298,298.0,-6.956679826329458,-19.7,-42.6,-12.6948
3M62_A_B__LA50A__298,298.0,-6.927433091687178,-29.7,-76.5,-22.797
3M62_A_B__TA54A__298,298.0,-9.738459304579228,-12.1,-7.72,-2.30056
3M62_A_B__EA55A__298,298.0,-8.704144577538086,-11.2,-8.39,-2.50022
3M62_A_B__RA98A__298,298.0,-8.966881404025813,-3.4,18.8,5.6024
3M62_A_B__GA102A__298,298.0,-8.490944257280404,-7.0,5.03,1.4989400000000002
3M62_A_B__YA103A__298,298.0,-5.280384715259421,-21.4,-54.0,-16.092
3M62_A_B__IA110A__298,298.0,-7.902221635674393,-12.6,-15.8,-4.7084
3M62_A_B__FB7A__298,298.0,-8.759720605848846,-8.7,0.0,0.0
3M62_A_B__IB43A__298,298.0,-6.87294630926355,-19.1,-40.9,-12.188199999999998
3M62_A_B__SB45A__298,298.0,-8.477104288336452,-4.8,12.4,3.6952000000000003
3M62_A_B__VB48A__298,298.0,-8.66530272104889,-12.6,-13.1,-3.9038
3M62_A_B__QB50A__298,298.0,-8.701284059897608,-6.2,8.39,2.50022
3M62_A_B__QB65A__298,298.0,-9.471575267424868,-9.5,0.0,0.0
3M62_A_B__VB67A__298,298.0,-8.617597582380494,-8.8,-0.67,-0.19966000000000003
3M62_A_B__MB69A__298,298.0,-9.07439201916883,-7.9,4.03,1.2009400000000001
3M63_A_B__298,298.0,-9.212580447372297,-10.1,-2.68,-0.7986400000000001
3M63_A_B__EA33A__298,298.0,-8.566592257744476,-7.3,4.36,1.2992800000000002
3M63_A_B__DA46A__298,298.0,-6.979603695568962,-7.6,-2.01,-0.59898
3M63_A_B__LA50A__298,298.0,-8.636476737339864,-10.1,-5.03,-1.4989400000000002
3M63_A_B__TA54A__298,298.0,-8.901374724716641,-10.7,-6.04,-1.79992
3M63_A_B__EA55A__298,298.0,-8.86641943579382,-8.6,0.67,0.19966000000000003
3M63_A_B__RA98A__298,298.0,-9.397771234914064,-7.8,5.37,1.60026
3M63_A_B__GA102A__298,298.0,-9.087942404539337,-13.2,-13.8,-4.112400000000001
3M63_A_B__VA106A__298,298.0,-7.374653402143182,-10.6,-10.7,-3.1886
3M63_A_B__IA110A__298,298.0,-8.124087369118337,-18.3,-34.2,-10.191600000000001
3M63_A_B__FA113A__298,298.0,-7.422048770467083,-8.3,-3.02,-0.89996
3M63_A_B__GB8F_QB9K_SB65Q_HB67V_VB69M__298,298.0,-9.02555570384493,-2.5,21.8,6.4964
2VN5_A_B__308,308.0,-12.682555799147854,-20.8,-26.2,-8.0696
2VN5_A_B__SB42A_TB43F__308,308.0,-12.41830668742509,-19.3,-22.2,-6.837599999999999
2VN5_A_B__SB42A_TB43F_TA35A__308,308.0,-12.368709791068019,-19.8,-24.1,-7.4228000000000005
2VN5_A_B__SB42A_TB43F_NA37A__308,308.0,-11.45683158161312,-18.2,-21.8,-6.7144
2VN5_A_B__SB42A_TB43F_YA39A__308,308.0,-11.385207843420282,-18.2,-21.9,-6.7452
2VN5_A_B__SB42A_TB43F_SA66A__308,308.0,-12.77343721023871,-21.5,-28.2,-8.6856
2VN5_A_B__SB42A_TB43F_SA75A__308,308.0,-12.682555799147854,-22.4,-31.3,-9.6404
2VN5_A_B__SB42A_TB43F_NA81A__308,308.0,-12.070173090926938,-22.3,-33.1,-10.1948
2VN5_A_B__SB42A_TB43F_IA83A__308,308.0,-11.732855021029405,-26.7,-48.7,-14.999600000000001
2VN5_A_B__SB42A_TB43F_MA125G__308,308.0,-11.085203526268918,-20.2,-29.6,-9.116800000000001
2VN5_A_B__SB42A_TB43F_KA127G__308,308.0,-12.159657035977656,-22.1,-32.3,-9.9484
2VN5_A_B__SB42A_TB43F_TA35A_NA37A__308,308.0,-10.997326457829896,-19.5,-27.6,-8.500800000000002
2VN5_A_B__SB42A_TB43F_TA35A_NA37A_YA39A__308,308.0,-8.914509287885437,-14.6,-18.5,-5.698
2VN5_A_B__SB42A_TB43F_TA35A_NA37A_NA81A__308,308.0,-9.521727442250562,-15.4,-19.0,-5.852
2VN5_A_B__SB42A_TB43F_TA35A_NA37A_YA39A_NA81A__308,308.0,-7.470067634773884,-15.4,-25.7,-7.9155999999999995
2VN5_A_B__SB42A_TB43F_SA66A_SA68A_SA75A__308,308.0,-12.541116350365145,-24.2,-37.7,-11.611600000000001
2VN5_A_B__SB42A_TB43F_MA125G_KA127A__308,308.0,-10.263234663166946,-19.8,-31.0,-9.548
2VN5_A_B__SB42A_TB43F_AB14S_LB15T__308,308.0,-12.322832711374419,-18.0,-18.5,-5.698
2VN5_A_B__SB42A_TB43F_AB14Q_LB15Q__308,308.0,-12.526715780072099,-17.5,-16.1,-4.9588
2VN5_A_B__AB14S_LB15T__308,308.0,-11.364264343666726,-18.6,-23.5,-7.238
2VN5_A_B__SB42Q_TB43Q__308,308.0,-11.712453265171321,-22.6,-35.1,-10.8108
2VN5_A_B__SB42A_TB43F_FB17A_LB45A__308,308.0,-7.555295462933722,-18.1,-34.1,-10.5028
2DVW_A_B__298,298.0,-9.77843129268071,-28.7,-63.76,-19.00048
2DVW_A_B__RB7A__298,298.0,-9.085207406605232,-22.0,-43.29,-12.90042
2DVW_A_B__RB3A_RB7A__298,298.0,-7.62623778825306,-6.1,5.03,1.4989400000000002
2DVW_A_B__RB3A_RB4A_RB7A__298,298.0,-6.989819792381584,-2.2,15.77,4.69946
2DVW_A_B__EB21A_EB22A__298,298.0,-9.740106387699674,-27.3,-58.72,-17.49856
2DVW_A_B__KB62E__298,298.0,-9.57307032795105,-25.6,-53.36,-15.90128
2DVW_A_B__KA114A__298,298.0,-9.744244252197689,-24.0,-47.99,-14.301020000000001
2DVW_A_B__DA37A_DA69A__298,298.0,-9.586914499484864,-25.0,-51.68,-15.40064
2DVW_A_B__RA39A_KA114A__298,298.0,-7.417134833551629,-4.9,8.39,2.50022
2DVW_A_B__EA180A__298,298.0,-9.340495108117667,-28.2,-63.09,-18.800819999999998
3WWN_A_B__333,333.0,-7.8907013928693095,-6.36,4.02,1.33866
3WWN_A_B__RA221E__333,333.0,-8.266755178001839,-6.03,6.16,2.05128
3WWN_A_B__KA225E__333,333.0,-7.716027054336389,-5.46,6.28,2.0912400000000004
4JEU_A_B__298,298.0,-12.071550547386158,-34.6,-75.59,-22.52582
4JEU_A_B__RA169A__298,298.0,-12.481981014822395,-36.2,-79.59,-23.71782
4JEU_A_B__RA37C__298,298.0,-11.1624417711677,-27.1,-53.48,-15.93704
4JEU_A_B__LB147A_EB148A__298,298.0,-10.87847408144455,-34.8,-80.27,-23.92046
4JEU_A_B__IB215A__298,298.0,-8.83163232694557,-16.0,-24.05,-7.166900000000001
4JEU_A_B__RB3A__298,298.0,-10.944002041495514,-27.3,-54.88,-16.35424
4JEU_A_B__TB4A__298,298.0,-11.890726132764014,-32.6,-69.49,-20.708019999999998
4JEU_A_B__LB7A__298,298.0,-10.963207811586125,-27.3,-54.82,-16.33636
1U7F_B_AC__310,310.0,-10.263798976377604,-7.5,8.8,2.728
1U7F_B_AC__RB65A__310,310.0,-8.456857162835654,-8.5,0.01,0.0031
1U7F_B_AC__DB140A__310,310.0,-7.483845973480582,-3.8,11.9,3.689
2REX_A_B__298,298.0,-7.1710973357803836,-6.7,1.68,0.50064
2REX_A_B__LA70Y__298,298.0,-6.613654106569283,-1.4,17.4,5.1852
3Q3J_A_B__298,298.0,-7.028299011725627,-8.0,-3.36,-1.00128
3Q3J_A_B__YB100F__298,298.0,-6.817102503870961,-4.1,9.06,2.6998800000000003
3NVN_B_A__303,303.0,-11.127626236822621,-14.6,-11.5,-3.4845
3NVN_B_A__RB186S__303,303.0,-9.8384228153594,-10.1,-0.8,-0.2424
1JTG_A_B__303,303.0,-13.800135741544754,-7.4,21.1,6.3933
1JTG_A_B__FB36A__303,303.0,-9.906894469541749,-10.2,-1.0,-0.303
1JTG_A_B__FB36A__298,298.0,-9.983500795387288,-4.1,19.9,5.9302
1JTG_A_B__FB36A__279,279.0,-9.859027039604221,6.4,58.2,16.2378
1JTG_A_B__HB41A__301,301.0,-10.21090465906112,-5.1,17.1,5.1471
1JTG_A_B__HB41A__281,281.0,-9.358202652951002,6.5,56.3,15.8203
1JTG_A_B__HB41A__279,279.0,-8.811732280336006,8.1,61.0,17.019
1JTG_A_B__DB49A__288,288.0,-9.98798277192609,6.0,55.6,16.012800000000002
1JTG_A_B__DB49A__283,283.0,-9.979924807481884,7.8,63.0,17.829
1JTG_A_B__DB49A__279,279.0,-9.990857332117981,8.4,66.0,18.414
1JTG_A_B__YB53A__303,303.0,-10.53871055506182,-7.2,11.0,3.333
1JTG_A_B__YB53A__281,281.0,-9.187581999806044,5.1,50.8,14.274799999999999
1JTG_A_B__YB53A__279,279.0,-9.525406808480955,5.6,54.1,15.0939
1JTG_A_B__KB74A__303,303.0,-9.761519536985293,-8.7,3.6,1.0908
1JTG_A_B__KB74A__298,298.0,-9.482149226985463,-6.3,10.6,3.1588
1JTG_A_B__KB74A__279,279.0,-9.195994362264564,3.5,45.3,12.638699999999998
1JTG_A_B__WB112A__303,303.0,-10.324211354216851,-8.8,4.9,1.4847000000000001
1JTG_A_B__WB112A__301,301.0,-10.46914810915382,-8.5,6.6,1.9866
1JTG_A_B__WB112A__279,279.0,-9.965406233276934,3.3,47.5,13.2525
1JTG_A_B__FB142A__303,303.0,-10.508190207963906,-6.5,13.3,4.0299000000000005
1JTG_A_B__FB142A__281,281.0,-9.532439233209884,5.3,52.9,14.8649
1JTG_A_B__FB142A__279,279.0,-9.675858310303399,6.0,56.3,15.707699999999999
1JTG_A_B__HB148A__303,303.0,-11.310296309389283,-8.2,10.3,3.1209000000000002
1JTG_A_B__HB148A__285,285.0,-9.520122759274637,5.6,53.0,15.105
1JTG_A_B__HB148A__279,279.0,-9.081051041546129,7.4,59.0,16.461
1JTG_A_B__WB150A__288,288.0,-8.302666442816918,7.5,54.9,15.8112
1JTG_A_B__WB150A__283,283.0,-8.548294143904327,8.5,60.3,17.064899999999998
1JTG_A_B__WB150A__279,279.0,-8.043208116478889,10.0,64.6,18.0234
1JTG_A_B__RB160A__288,288.0,-9.648483990172952,6.3,55.3,15.9264
1JTG_A_B__RB160A__281,281.0,-9.730552683638598,9.1,66.9,18.7989
1JTG_A_B__RB160A__279,279.0,-9.614086891225035,10.6,72.3,20.1717
1JTG_A_B__SB39A__293,293.0,-12.998995426775737,2.7,53.58,15.698939999999999
1JTG_A_B__GB48A__303,303.0,-12.476670153057794,-4.7,25.74,7.799219999999999
1JTG_A_B__GB48A__279,279.0,-10.890577896983425,8.9,70.94,19.79226
1JTG_A_B__YB50A__303,303.0,-15.911297495763119,-10.2,18.85,5.71155
1JTG_A_B__YB50A__288,288.0,-15.16456597300336,-3.9,39.12,11.26656
1JTG_A_B__YB51A__303,303.0,-12.639525996503906,-9.5,10.36,3.13908
1JTG_A_B__YB51A__298,298.0,-12.510574950562471,-4.4,27.22,8.111559999999999
1JTG_A_B__YB51A__279,279.0,-11.734963039979174,10.0,77.91,21.73689
1JTG_A_B__SB71A__303,303.0,-13.199531690972085,-3.2,33.0,9.999
1JTG_A_B__EB73A__303,303.0,-12.798432918244533,-9.1,12.21,3.69963
1JTG_A_B__SB113A__288,288.0,-13.599088995360578,2.5,55.9,16.0992
1JTG_A_B__GB141A__303,303.0,-11.899082799450861,-11.9,0.0,0.0
1JTG_A_B__YB143A__298,298.0,-12.68121497440397,3.8,55.31,16.482380000000003
1JTG_A_B__YB143A__279,279.0,-11.249050538284418,15.6,96.24,26.85096
1JTG_A_B__RB144A__303,303.0,-12.59835642498655,-6.6,19.8,5.9994000000000005
4G0N_A_B__308,308.0,-9.999244946139964,-8.6,4.55,1.4013999999999998
4G0N_A_B__RB6A__308,308.0,-8.299197180356144,-6.7,5.19,1.5985200000000002
4G0N_A_B__NB11A__308,308.0,-9.898830894833377,-7.6,7.47,2.30076
4G0N_A_B__QB13A__308,308.0,-8.299197180356144,-8.1,0.65,0.20020000000000002
4G0N_A_B__RB14A__308,308.0,-7.998067162321052,-6.5,5.19,1.5985200000000002
4G0N_A_B__TB15A__308,308.0,-8.498792466491398,-7.3,4.22,1.29976
4G0N_A_B__VB16A__308,308.0,-8.999200826249018,-7.1,6.17,1.9003599999999998
4G0N_A_B__KB31A__308,308.0,-7.799232312602892,-6.9,2.92,0.89936
4G0N_A_B__VB35A__308,308.0,-9.898830894833377,-8.0,6.17,1.9003599999999998
4G0N_A_B__IA21A__308,308.0,-9.09927520304766,-9.9,-2.6,-0.8008000000000001
4G0N_A_B__HA27A__308,308.0,-10.299529645286103,-8.1,6.82,2.1005599999999998
4G0N_A_B__EA31A__308,308.0,-9.497724522683605,-7.4,6.82,2.1005599999999998
4G0N_A_B__DA33A__308,308.0,-8.899144564576904,-6.5,7.79,2.3993200000000003
4G0N_A_B__IA36A__308,308.0,-8.198788149340034,-7.7,1.62,0.49896
4G0N_A_B__EA37A__308,308.0,-8.198788149340034,-6.3,5.84,1.79872
4G0N_A_B__DA38A__308,308.0,-6.699894542976519,-6.0,2.27,0.69916
4G0N_A_B__SA39A__308,308.0,-9.698954538138043,-7.7,6.17,1.9003599999999998
4G0N_A_B__RA41A__308,308.0,-10.599000012134585,-8.3,7.47,2.30076
4G0N_A_B__VA45A__308,308.0,-10.299529645286103,-7.9,7.79,2.3993200000000003
1GUA_A_B__298,298.0,-8.59930181177853,-5.6,10.07,3.0008600000000003
1GUA_A_B__RB4A__298,298.0,-7.599008807089633,-4.5,10.07,3.0008600000000003
1GUA_A_B__NB9A__298,298.0,-8.999020159931383,-2.9,20.81,6.2013799999999994
1GUA_A_B__KB10A__298,298.0,-8.999020159931383,-3.8,17.45,5.200099999999999
1GUA_A_B__QB11A__298,298.0,-8.499000517609584,-4.3,14.09,4.1988199999999996
1GUA_A_B__TB13A__298,298.0,-7.8985323651727475,-4.2,12.75,3.7995
1GUA_A_B__VB14A__298,298.0,-8.499000517609584,-4.5,13.42,3.99916
1GUA_A_B__KB29A__298,298.0,-6.601187835594606,-4.3,7.72,2.30056
1GUA_A_B__KB32A__298,298.0,-7.8004646304414385,-4.2,12.08,3.59984
1GUA_A_B__VB33A__298,298.0,-8.399381925679476,-6.8,5.37,1.60026
1GUA_A_B__EA37A__298,298.0,-7.299202912535792,-2.7,15.44,4.60112
1GUA_A_B__SA39A__298,298.0,-7.199771981123257,-8.0,-2.35,-0.7003
4G0N_A_B__TB15A_IA21A__308,308.0,-7.799232312602892,-9.7,-6.17,-1.9003599999999998
4G0N_A_B__VB16A_IA21A__308,308.0,-8.396707750632377,-9.3,-2.92,-0.89936
4G0N_A_B__VB35A_IA21A__308,308.0,-9.698954538138043,-14.4,-15.26,-4.70008
4G0N_A_B__VB35A_HA27A__308,308.0,-9.800342154065513,-8.4,4.55,1.4013999999999998
4G0N_A_B__RB6A_EA31A__308,308.0,-7.799232312602892,-5.6,7.14,2.1991199999999997
4G0N_A_B__TB15A_EA31A__308,308.0,-8.396707750632377,-5.8,8.44,2.59952
4G0N_A_B__KB31A_EA31A__308,308.0,-7.8991865936378876,-7.6,0.97,0.29875999999999997
4G0N_A_B__RB6A_DA33A__308,308.0,-7.399619057279603,-6.0,4.55,1.4013999999999998
4G0N_A_B__KB31A_DA33A__308,308.0,-7.299231557601999,-8.0,-2.27,-0.69916
4G0N_A_B__RB6A_IA36A__308,308.0,-5.601031127591695,-8.9,-10.71,-3.2986800000000005
4G0N_A_B__TB15A_IA36A__308,308.0,-6.899586945839577,-7.7,-2.6,-0.8008000000000001
4G0N_A_B__VB16A_IA36A__308,308.0,-7.299231557601999,-4.6,8.77,2.70116
4G0N_A_B__RB6A_EA37A__308,308.0,-7.599028063054938,-5.7,6.17,1.9003599999999998
4G0N_A_B__TB15A_EA37A__308,308.0,-7.099560197460763,-4.7,7.79,2.3993200000000003
4G0N_A_B__VB16A_EA37A__308,308.0,-7.199492926684792,-6.7,1.95,0.6006
4G0N_A_B__KB31A_EA37A__308,308.0,-6.499965100797349,-2.8,12.01,3.69908
4G0N_A_B__RB6A_DA38A__308,308.0,-5.400912418053664,-4.7,2.27,0.69916
4G0N_A_B__TB15A_DA38A__308,308.0,-6.899586945839577,-4.9,6.17,1.9003599999999998
4G0N_A_B__QB13A_SA39A__308,308.0,-7.8991865936378876,-7.5,0.97,0.29875999999999997
4G0N_A_B__RB14A_SA39A__308,308.0,-7.698933600829982,-6.6,3.57,1.0995599999999999
4G0N_A_B__TB15A_SA39A__308,308.0,-7.998067162321052,-7.0,3.25,1.001
4G0N_A_B__NB11A_RA41A__308,308.0,-10.599000012134585,-7.8,9.09,2.7997199999999998
4G0N_A_B__QB13A_RA41A__308,308.0,-8.699215122397735,-6.1,8.44,2.59952
4G0N_A_B__NB11A_VA45A__308,308.0,-9.999244946139964,-6.4,11.69,3.60052
4G0N_A_B__QB13A_VA45A__308,308.0,-8.396707750632377,-6.7,5.52,1.70016
4G0N_A_B__RB14A_VA45A__308,308.0,-8.198788149340034,-7.5,2.27,0.69916
4G0N_A_B__TB15A_VA45A__308,308.0,-8.899144564576904,-7.8,3.57,1.0995599999999999
1GUA_A_B__RB4A_EA37A__298,298.0,-7.299202912535792,-1.5,19.46,5.79908
1GUA_A_B__VB14A_EA37A__298,298.0,-6.899563194752882,-3.3,12.75,3.7995
4G0N_A_B__298,298.0,-9.676072603884823,-5.2,15.1,4.4998000000000005
4G0N_A_B__EA31A__298,298.0,-8.288717236566047,-3.3,16.78,5.00044
4G0N_A_B__DA33A__298,298.0,-8.987340767477825,-3.8,17.45,5.200099999999999
4G0N_A_B__RA41A__298,298.0,-9.783733949014088,-4.0,19.46,5.79908
4G0N_A_B__RB6A__298,298.0,-7.637963438743438,-4.0,12.08,3.59984
4G0N_A_B__NB11A__298,298.0,-9.240287302796647,-5.0,14.43,4.300140000000001
4G0N_A_B__RB14A__298,298.0,-8.180523004645153,-3.2,16.78,5.00044
4G0N_A_B__VB16A__298,298.0,-8.987340767477825,-4.0,16.78,5.00044
4G0N_A_B__KB31A__298,298.0,-7.637963438743438,-4.2,11.41,3.4001799999999998
4G0N_A_B__VB35A__298,298.0,-9.783733949014088,-5.3,15.1,4.4998000000000005
1FFW_A_B__298,298.0,-8.05794453258429,-12.0,-13.0,-3.874
1FFW_A_B__AA102V__298,298.0,-6.694524031810098,-8.4,-5.6,-1.6688
1FFW_A_B__YA50C__298,298.0,-7.932593728906916,-13.6,-18.9,-5.6322
5K39_A_B__318,318.0,-11.31916104782006,-12.39,-3.36,-1.06848
5K39_A_B__MB108A__318,318.0,-11.828806632964195,-10.43,4.4,1.3992
5K39_A_B__MB112A__318,318.0,-11.56779331588801,-8.66,9.15,2.9097000000000004
5K39_A_B__SB115A__318,318.0,-10.838860744533081,-10.28,1.76,0.55968
5K39_A_B__FB142A__318,318.0,-8.42083429457524,-8.83,-1.32,-0.41976
5K39_A_B__IB148A__318,318.0,-9.129518312013921,-9.75,-1.98,-0.62964
5M2O_A_B__308,308.0,-11.375007673967545,-50.68,-128.05,-39.4394
5M2O_A_B__IB17A__308,308.0,-9.281799252699985,-57.26,-156.07,-48.069559999999996
5M2O_A_B__SB18A__308,308.0,-11.326411043700757,-46.6,-114.03,-35.12124
5M2O_A_B__VB21A__308,308.0,-8.850547934310114,-52.08,-140.06,-43.13848
5M2O_A_B__QB25A__308,308.0,-10.192327701661332,-48.27,-124.06,-38.210480000000004
5M2O_A_B__KB32A__308,308.0,-10.276294239223098,-59.73,-160.06,-49.298480000000005
5M2O_A_B__QB61A__308,308.0,-11.537962611399788,-39.45,-90.03,-27.72924
5M2O_A_B__LB65A__308,308.0,-10.49629455816132,-59.84,-160.06,-49.298480000000005
5M2O_A_B__VB21A_QB25A__308,308.0,-7.9479668012886915,-48.79,-133.05,-40.9794
5M2O_A_B__NA64A__308,308.0,-11.331773584035584,-58.63,-153.08,-47.14864000000001
5M2O_A_B__NA71A__308,308.0,-11.215053483776344,-52.7,-135.06,-41.59848
5M2O_A_B__KA73A__308,308.0,-12.157058322943369,-57.42,-147.08,-45.30064000000001
5M2O_A_B__LA75A__308,308.0,-9.694300553732687,-51.93,-137.05,-42.211400000000005
5M2O_A_B__EA80A__308,308.0,-10.652065817504406,-55.45,-145.06,-44.67848
5M2O_A_B__HA117A__308,308.0,-10.462843828321798,-52.63,-137.24,-42.269920000000006
5M2O_A_B__NA120A__308,308.0,-10.91026927657328,-52.8,-136.04,-41.90032
5M2O_A_B__EA80A_HA117A__308,308.0,-8.76157087519338,-66.86,-189.09,-58.23972
5M2O_A_B__NA71A_HA117A__308,308.0,-9.01275110672137,-50.84,-136.04,-41.90032
5M2O_A_B__NA71A_NA120A__308,308.0,-8.834411511763085,-56.31,-154.06,-47.450480000000006
5M2O_A_B__NA71A_EA80A__308,308.0,-10.312122599884194,-51.76,-134.06,-41.29048
5M2O_A_B__EA80A_NA120A__308,308.0,-10.12409289905744,-55.04,-146.07,-44.98956
5M2O_A_B__HA117A_NA120A__308,308.0,-8.958866496343502,-46.44,-122.05,-37.5914
3EG5_A_B__293,293.0,-7.913353739968608,3.28,38.23,11.20139
3EG5_A_B__HA104F__293,293.0,-9.962654950397416,-0.67,31.71,9.291030000000001
3EG5_A_B__TB73N_SB74N_HB75N__293,293.0,-6.878022264449446,2.2,31.02,9.08886
3EG5_A_B__TB73N_SB74N_HB75N_HA104F__293,293.0,-9.217781611569116,-1.6,26.01,7.62093
1YQV_HL_Y__283,283.0,-14.798769018056339,-18.7,-13.78,-3.89974
1YQV_HL_Y__RY45K__283,283.0,-12.899459992447085,-14.0,-3.89,-1.10087
1YQV_HL_Y__298,298.0,-14.499311697129215,-22.6,-27.18,-8.09964
1YQV_HL_Y__RY45K__298,298.0,-12.49827515519922,-19.3,-22.82,-6.8003599999999995
1YQV_HL_Y__310,310.0,-13.998377971503789,-28.2,-45.81,-14.2011
1YQV_HL_Y__RY45K__310,310.0,-12.299161601734932,-25.5,-42.58,-13.1998
1YQV_HL_Y__RY68K_TY40S_IY55V_SY91T_QY121H__283,283.0,-14.698012100663066,-15.5,-2.83,-0.80089
1YQV_HL_Y__RY68K_TY40S_IY55V_SY91T_QY121H__298,298.0,-14.499311697129215,-21.4,-23.15,-6.8987
1YQV_HL_Y__RY68K_TY40S_IY55V_SY91T_QY121H__310,310.0,-13.998377971503789,-27.6,-43.87,-13.599699999999999
1YQV_HL_Y__RY68K_TY40S_IY55V_SY91T__283,283.0,-9.699024288728161,-14.3,-16.25,-4.59875
1YQV_HL_Y__RY68K_TY40S_IY55V_SY91T__298,298.0,-9.397771234914064,-20.1,-35.91,-10.701179999999999
1YQV_HL_Y__RY68K_TY40S_IY55V_SY91T__310,310.0,-8.698750341350456,-25.6,-54.52,-16.9012
